Index,Stock Code
1,000001
2,000002
3,000006
4,000007
5,000009
6,000010
7,000011
8,000012
9,000014
10,000016
11,000017
12,000019
13,000020
14,000021
15,000025
16,000026
17,000027
18,000028
19,000029
20,000030
21,000031
22,000032
23,000034
24,000035
25,000036
26,000037
27,000039
28,000050
29,000055
30,000056
31,000058
32,000059
33,000060
34,000061
35,000062
36,000063
37,000065
38,000066
39,000068
40,000069
41,000078
42,000090
43,000096
44,000099
45,000100
46,000151
47,000153
48,000155
49,000156
50,000157
51,000158
52,000159
53,000166
54,000301
55,000333
56,000338
57,000501
58,000503
59,000504
60,000505
61,000507
62,000509
63,000510
64,000513
65,000514
66,000516
67,000517
68,000518
69,000519
70,000520
71,000521
72,000523
73,000524
74,000526
75,000528
76,000529
77,000530
78,000531
79,000532
80,000534
81,000536
82,000537
83,000538
84,000539
85,000541
86,000543
87,000544
88,000545
89,000546
90,000547
91,000548
92,000550
93,000551
94,000552
95,000553
96,000554
97,000555
98,000557
99,000558
100,000559
101,000560
102,000561
103,000563
104,000564
105,000565
106,000566
107,000567
108,000568
109,000570
110,000571
111,000572
112,000573
113,000576
114,000581
115,000582
116,000589
117,000590
118,000591
119,000592
120,000593
121,000595
122,000596
123,000597
124,000598
125,000599
126,000600
127,000601
128,000603
129,000605
130,000607
131,000608
132,000610
133,000612
134,000617
135,000619
136,000620
137,000623
138,000625
139,000626
140,000628
141,000629
142,000630
143,000631
144,000632
145,000633
146,000635
147,000636
148,000637
149,000638
150,000639
151,000650
152,000651
153,000652
154,000655
155,000657
156,000659
157,000661
158,000663
159,000665
160,000668
161,000670
162,000672
163,000676
164,000677
165,000678
166,000679
167,000680
168,000681
169,000682
170,000683
171,000685
172,000686
173,000688
174,000690
175,000691
176,000692
177,000695
178,000697
179,000698
180,000700
181,000701
182,000702
183,000703
184,000705
185,000707
186,000708
187,000709
188,000710
189,000712
190,000713
191,000715
192,000716
193,000717
194,000718
195,000719
196,000720
197,000721
198,000722
199,000723
200,000725
201,000726
202,000727
203,000728
204,000729
205,000731
206,000733
207,000735
208,000736
209,000737
210,000738
211,000739
212,000750
213,000751
214,000753
215,000755
216,000756
217,000757
218,000758
219,000759
220,000761
221,000762
222,000766
223,000767
224,000768
225,000776
226,000777
227,000778
228,000779
229,000782
230,000783
231,000785
232,000786
233,000788
234,000789
235,000790
236,000791
237,000792
238,000793
239,000795
240,000796
241,000797
242,000798
243,000799
244,000900
245,000901
246,000902
247,000903
248,000905
249,000906
250,000910
251,000911
252,000912
253,000913
254,000915
255,000917
256,000919
257,000920
258,000921
259,000922
260,000923
261,000925
262,000926
263,000927
264,000928
265,000929
266,000930
267,000931
268,000932
269,000933
270,000935
271,000936
272,000937
273,000938
274,000948
275,000949
276,000950
277,000951
278,000952
279,000953
280,000955
281,000957
282,000958
283,000959
284,000960
285,000962
286,000963
287,000965
288,000966
289,000967
290,000968
291,000969
292,000970
293,000973
294,000975
295,000977
296,000978
297,000980
298,000981
299,000983
300,000985
301,000987
302,000988
303,000990
304,000993
305,000995
306,000997
307,000998
308,000999
309,001201
310,001202
311,001203
312,001205
313,001206
314,001207
315,001209
316,001210
317,001211
318,001212
319,001213
320,001215
321,001216
322,001217
323,001218
324,001219
325,001222
326,001223
327,001225
328,001226
329,001227
330,001228
331,001229
332,001230
333,001231
334,001234
335,001236
336,001238
337,001239
338,001255
339,001256
340,001258
341,001259
342,001260
343,001266
344,001268
345,001269
346,001270
347,001277
348,001278
349,001279
350,001282
351,001283
352,001286
353,001287
354,001288
355,001289
356,001296
357,001298
358,001299
359,001300
360,001301
361,001306
362,001308
363,001309
364,001311
365,001313
366,001314
367,001316
368,001317
369,001318
370,001319
371,001322
372,001323
373,001324
374,001326
375,001328
376,001330
377,001331
378,001332
379,001333
380,001336
381,001337
382,001338
383,001339
384,001358
385,001359
386,001360
387,001366
388,001367
389,001368
390,001373
391,001376
392,001378
393,001379
394,001380
395,001387
396,001391
397,001696
398,001872
399,001896
400,001914
401,001965
402,001979
403,002001
404,002003
405,002004
406,002006
407,002007
408,002008
409,002009
410,002010
411,002011
412,002012
413,002014
414,002015
415,002016
416,002017
417,002019
418,002020
419,002021
420,002022
421,002023
422,002025
423,002026
424,002027
425,002028
426,002029
427,002030
428,002031
429,002032
430,002033
431,002034
432,002035
433,002036
434,002037
435,002038
436,002039
437,002040
438,002041
439,002042
440,002043
441,002044
442,002045
443,002046
444,002047
445,002048
446,002049
447,002050
448,002051
449,002053
450,002054
451,002055
452,002056
453,002057
454,002058
455,002059
456,002060
457,002061
458,002062
459,002063
460,002064
461,002065
462,002066
463,002067
464,002068
465,002069
466,002072
467,002073
468,002074
469,002075
470,002076
471,002077
472,002078
473,002079
474,002080
475,002081
476,002082
477,002083
478,002084
479,002085
480,002086
481,002088
482,002091
483,002093
484,002094
485,002095
486,002096
487,002097
488,002098
489,002099
490,002100
491,002101
492,002102
493,002103
494,002104
495,002105
496,002106
497,002107
498,002108
499,002109
500,002110
501,002111
502,002112
503,002114
504,002115
505,002116
506,002119
507,002120
508,002121
509,002122
510,002123
511,002125
512,002126
513,002127
514,002128
515,002129
516,002131
517,002132
518,002133
519,002134
520,002135
521,002136
522,002137
523,002138
524,002139
525,002140
526,002142
527,002144
528,002145
529,002146
530,002148
531,002149
532,002150
533,002151
534,002152
535,002153
536,002154
537,002155
538,002156
539,002157
540,002158
541,002159
542,002160
543,002161
544,002162
545,002163
546,002164
547,002165
548,002166
549,002167
550,002169
551,002170
552,002171
553,002172
554,002173
555,002174
556,002175
557,002176
558,002177
559,002178
560,002179
561,002180
562,002181
563,002182
564,002183
565,002184
566,002185
567,002186
568,002187
569,002188
570,002189
571,002190
572,002191
573,002192
574,002193
575,002194
576,002195
577,002196
578,002198
579,002199
580,002201
581,002202
582,002203
583,002204
584,002205
585,002206
586,002207
587,002208
588,002209
589,002210
590,002211
591,002212
592,002213
593,002214
594,002215
595,002216
596,002218
597,002219
598,002221
599,002222
600,002223
601,002224
602,002225
603,002226
604,002227
605,002228
606,002229
607,002230
608,002231
609,002232
610,002233
611,002234
612,002235
613,002236
614,002237
615,002238
616,002239
617,002240
618,002241
619,002242
620,002243
621,002244
622,002245
623,002246
624,002247
625,002248
626,002249
627,002250
628,002252
629,002253
630,002254
631,002255
632,002256
633,002258
634,002261
635,002262
636,002263
637,002264
638,002265
639,002266
640,002267
641,002268
642,002269
643,002270
644,002271
645,002272
646,002273
647,002274
648,002275
649,002276
650,002277
651,002278
652,002279
653,002281
654,002282
655,002283
656,002284
657,002285
658,002286
659,002287
660,002290
661,002291
662,002292
663,002293
664,002294
665,002295
666,002297
667,002298
668,002299
669,002300
670,002301
671,002302
672,002303
673,002304
674,002305
675,002306
676,002307
677,002311
678,002312
679,002313
680,002314
681,002315
682,002317
683,002318
684,002320
685,002321
686,002322
687,002323
688,002324
689,002326
690,002327
691,002328
692,002329
693,002330
694,002331
695,002332
696,002333
697,002334
698,002335
699,002337
700,002338
701,002339
702,002340
703,002342
704,002343
705,002344
706,002345
707,002346
708,002347
709,002348
710,002349
711,002350
712,002351
713,002352
714,002353
715,002354
716,002355
717,002356
718,002357
719,002360
720,002361
721,002362
722,002363
723,002365
724,002366
725,002367
726,002368
727,002369
728,002370
729,002371
730,002372
731,002373
732,002374
733,002375
734,002376
735,002377
736,002378
737,002379
738,002380
739,002381
740,002382
741,002383
742,002384
743,002385
744,002386
745,002387
746,002389
747,002390
748,002391
749,002392
750,002393
751,002394
752,002395
753,002396
754,002397
755,002398
756,002399
757,002400
758,002401
759,002402
760,002403
761,002404
762,002405
763,002406
764,002407
765,002408
766,002409
767,002410
768,002412
769,002413
770,002414
771,002415
772,002416
773,002418
774,002419
775,002420
776,002421
777,002422
778,002423
779,002426
780,002427
781,002428
782,002429
783,002430
784,002431
785,002432
786,002434
787,002436
788,002437
789,002438
790,002439
791,002440
792,002441
793,002442
794,002443
795,002444
796,002445
797,002446
798,002448
799,002449
800,002451
801,002452
802,002453
803,002454
804,002455
805,002456
806,002457
807,002458
808,002459
809,002460
810,002461
811,002462
812,002465
813,002466
814,002467
815,002468
816,002469
817,002470
818,002471
819,002472
820,002474
821,002475
822,002476
823,002478
824,002479
825,002480
826,002481
827,002482
828,002486
829,002487
830,002488
831,002489
832,002491
833,002492
834,002493
835,002494
836,002495
837,002496
838,002497
839,002498
840,002500
841,002501
842,002506
843,002507
844,002508
845,002510
846,002511
847,002512
848,002513
849,002514
850,002515
851,002516
852,002517
853,002518
854,002519
855,002520
856,002521
857,002522
858,002523
859,002524
860,002526
861,002527
862,002529
863,002530
864,002531
865,002532
866,002533
867,002534
868,002535
869,002536
870,002537
871,002538
872,002539
873,002540
874,002541
875,002542
876,002543
877,002544
878,002545
879,002546
880,002547
881,002548
882,002549
883,002550
884,002551
885,002552
886,002553
887,002554
888,002555
889,002556
890,002557
891,002558
892,002559
893,002560
894,002561
895,002562
896,002563
897,002565
898,002566
899,002567
900,002568
901,002570
902,002571
903,002572
904,002573
905,002574
906,002575
907,002576
908,002577
909,002578
910,002579
911,002580
912,002581
913,002582
914,002583
915,002584
916,002585
917,002587
918,002588
919,002589
920,002590
921,002591
922,002593
923,002594
924,002595
925,002596
926,002597
927,002598
928,002599
929,002600
930,002601
931,002603
932,002605
933,002606
934,002607
935,002608
936,002609
937,002611
938,002612
939,002613
940,002614
941,002615
942,002616
943,002617
944,002620
945,002622
946,002623
947,002624
948,002625
949,002626
950,002627
951,002628
952,002629
953,002630
954,002631
955,002632
956,002633
957,002634
958,002635
959,002636
960,002637
961,002638
962,002639
963,002640
964,002641
965,002642
966,002643
967,002644
968,002645
969,002646
970,002648
971,002649
972,002651
973,002652
974,002653
975,002654
976,002655
977,002657
978,002658
979,002659
980,002660
981,002661
982,002662
983,002663
984,002664
985,002666
986,002667
987,002668
988,002669
989,002670
990,002671
991,002672
992,002673
993,002674
994,002675
995,002676
996,002677
997,002678
998,002679
999,002681
1000,002682
1001,002683
1002,002685
1003,002686
1004,002687
1005,002688
1006,002689
1007,002690
1008,002692
1009,002693
1010,002694
1011,002695
1012,002696
1013,002697
1014,002698
1015,002701
1016,002702
1017,002703
1018,002705
1019,002706
1020,002707
1021,002708
1022,002709
1023,002712
1024,002713
1025,002714
1026,002715
1027,002716
1028,002717
1029,002719
1030,002722
1031,002723
1032,002724
1033,002725
1034,002726
1035,002727
1036,002728
1037,002731
1038,002732
1039,002733
1040,002734
1041,002735
1042,002736
1043,002737
1044,002738
1045,002739
1046,002741
1047,002743
1048,002745
1049,002746
1050,002747
1051,002749
1052,002752
1053,002753
1054,002755
1055,002756
1056,002757
1057,002758
1058,002759
1059,002760
1060,002761
1061,002762
1062,002763
1063,002765
1064,002766
1065,002767
1066,002768
1067,002769
1068,002771
1069,002772
1070,002773
1071,002774
1072,002775
1073,002777
1074,002778
1075,002780
1076,002782
1077,002783
1078,002785
1079,002786
1080,002787
1081,002788
1082,002789
1083,002790
1084,002791
1085,002792
1086,002793
1087,002795
1088,002796
1089,002797
1090,002798
1091,002799
1092,002800
1093,002801
1094,002802
1095,002803
1096,002805
1097,002806
1098,002807
1099,002809
1100,002810
1101,002811
1102,002812
1103,002813
1104,002815
1105,002816
1106,002817
1107,002818
1108,002819
1109,002820
1110,002821
1111,002823
1112,002824
1113,002825
1114,002826
1115,002827
1116,002828
1117,002829
1118,002830
1119,002831
1120,002832
1121,002833
1122,002835
1123,002836
1124,002838
1125,002839
1126,002840
1127,002841
1128,002842
1129,002843
1130,002845
1131,002846
1132,002847
1133,002848
1134,002849
1135,002850
1136,002851
1137,002852
1138,002853
1139,002855
1140,002856
1141,002857
1142,002858
1143,002859
1144,002860
1145,002862
1146,002863
1147,002864
1148,002865
1149,002866
1150,002867
1151,002868
1152,002869
1153,002870
1154,002871
1155,002873
1156,002875
1157,002877
1158,002878
1159,002879
1160,002880
1161,002881
1162,002882
1163,002883
1164,002884
1165,002885
1166,002886
1167,002887
1168,002888
1169,002889
1170,002890
1171,002891
1172,002892
1173,002893
1174,002895
1175,002896
1176,002897
1177,002898
1178,002899
1179,002900
1180,002901
1181,002902
1182,002903
1183,002905
1184,002906
1185,002907
1186,002908
1187,002909
1188,002910
1189,002911
1190,002912
1191,002913
1192,002915
1193,002916
1194,002917
1195,002918
1196,002919
1197,002920
1198,002921
1199,002922
1200,002923
1201,002925
1202,002926
1203,002927
1204,002928
1205,002929
1206,002930
1207,002931
1208,002932
1209,002933
1210,002935
1211,002936
1212,002937
1213,002938
1214,002939
1215,002940
1216,002941
1217,002942
1218,002943
1219,002945
1220,002946
1221,002947
1222,002948
1223,002949
1224,002950
1225,002952
1226,002953
1227,002955
1228,002956
1229,002957
1230,002958
1231,002959
1232,002960
1233,002961
1234,002962
1235,002963
1236,002966
1237,002967
1238,002968
1239,002969
1240,002970
1241,002971
1242,002972
1243,002973
1244,002975
1245,002976
1246,002977
1247,002978
1248,002979
1249,002980
1250,002981
1251,002982
1252,002983
1253,002984
1254,002985
1255,002986
1256,002987
1257,002988
1258,002989
1259,002990
1260,002991
1261,002992
1262,002993
1263,002995
1264,002996
1265,002997
1266,002998
1267,002999
1268,003000
1269,003001
1270,003002
1271,003003
1272,003004
1273,003005
1274,003006
1275,003007
1276,003008
1277,003009
1278,003010
1279,003011
1280,003012
1281,003013
1282,003015
1283,003016
1284,003017
1285,003018
1286,003019
1287,003020
1288,003021
1289,003022
1290,003023
1291,003025
1292,003026
1293,003027
1294,003028
1295,003029
1296,003031
1297,003032
1298,003033
1299,003035
1300,003036
1301,003037
1302,003038
1303,003039
1304,003040
1305,003042
1306,003043
1307,003816
1308,300001
1309,300002
1310,300003
1311,300004
1312,300005
1313,300006
1314,300007
1315,300008
1316,300009
1317,300010
1318,300011
1319,300012
1320,300014
1321,300015
1322,300016
1323,300017
1324,300018
1325,300019
1326,300021
1327,300022
1328,300024
1329,300025
1330,300026
1331,300027
1332,300030
1333,300031
1334,300032
1335,300033
1336,300034
1337,300035
1338,300036
1339,300037
1340,300039
1341,300040
1342,300041
1343,300042
1344,300043
1345,300044
1346,300045
1347,300046
1348,300047
1349,300048
1350,300049
1351,300050
1352,300051
1353,300052
1354,300053
1355,300054
1356,300055
1357,300056
1358,300057
1359,300058
1360,300059
1361,300061
1362,300062
1363,300063
1364,300065
1365,300066
1366,300067
1367,300068
1368,300069
1369,300070
1370,300071
1371,300072
1372,300073
1373,300074
1374,300075
1375,300076
1376,300077
1377,300078
1378,300079
1379,300080
1380,300081
1381,300082
1382,300083
1383,300084
1384,300085
1385,300086
1386,300087
1387,300088
1388,300091
1389,300092
1390,300093
1391,300094
1392,300095
1393,300098
1394,300099
1395,300100
1396,300101
1397,300102
1398,300103
1399,300105
1400,300106
1401,300107
1402,300109
1403,300110
1404,300111
1405,300112
1406,300113
1407,300114
1408,300115
1409,300118
1410,300119
1411,300120
1412,300121
1413,300122
1414,300123
1415,300124
1416,300126
1417,300127
1418,300128
1419,300129
1420,300130
1421,300131
1422,300132
1423,300133
1424,300134
1425,300135
1426,300136
1427,300138
1428,300139
1429,300140
1430,300141
1431,300142
1432,300143
1433,300144
1434,300145
1435,300146
1436,300147
1437,300148
1438,300149
1439,300150
1440,300151
1441,300152
1442,300154
1443,300155
1444,300157
1445,300158
1446,300159
1447,300160
1448,300161
1449,300162
1450,300164
1451,300166
1452,300168
1453,300169
1454,300171
1455,300172
1456,300173
1457,300174
1458,300175
1459,300176
1460,300177
1461,300179
1462,300180
1463,300181
1464,300182
1465,300183
1466,300184
1467,300185
1468,300187
1469,300188
1470,300189
1471,300190
1472,300191
1473,300192
1474,300193
1475,300194
1476,300195
1477,300196
1478,300197
1479,300198
1480,300199
1481,300200
1482,300201
1483,300203
1484,300204
1485,300206
1486,300207
1487,300210
1488,300211
1489,300212
1490,300213
1491,300214
1492,300215
1493,300217
1494,300218
1495,300219
1496,300220
1497,300221
1498,300222
1499,300223
1500,300224
1501,300225
1502,300226
1503,300227
1504,300228
1505,300229
1506,300230
1507,300231
1508,300232
1509,300233
1510,300234
1511,300235
1512,300236
1513,300237
1514,300238
1515,300239
1516,300240
1517,300241
1518,300242
1519,300243
1520,300244
1521,300245
1522,300246
1523,300247
1524,300248
1525,300249
1526,300250
1527,300251
1528,300252
1529,300253
1530,300254
1531,300255
1532,300256
1533,300257
1534,300258
1535,300259
1536,300260
1537,300261
1538,300263
1539,300264
1540,300265
1541,300266
1542,300267
1543,300269
1544,300270
1545,300271
1546,300272
1547,300274
1548,300275
1549,300276
1550,300277
1551,300278
1552,300279
1553,300280
1554,300281
1555,300283
1556,300284
1557,300285
1558,300286
1559,300287
1560,300288
1561,300289
1562,300290
1563,300291
1564,300292
1565,300293
1566,300294
1567,300295
1568,300296
1569,300298
1570,300299
1571,300302
1572,300303
1573,300304
1574,300305
1575,300306
1576,300310
1577,300311
1578,300314
1579,300315
1580,300316
1581,300317
1582,300318
1583,300319
1584,300320
1585,300321
1586,300322
1587,300323
1588,300324
1589,300326
1590,300327
1591,300328
1592,300329
1593,300331
1594,300332
1595,300333
1596,300334
1597,300335
1598,300337
1599,300339
1600,300340
1601,300341
1602,300342
1603,300343
1604,300344
1605,300345
1606,300346
1607,300347
1608,300348
1609,300349
1610,300350
1611,300351
1612,300352
1613,300353
1614,300354
1615,300355
1616,300357
1617,300358
1618,300359
1619,300360
1620,300363
1621,300364
1622,300365
1623,300366
1624,300369
1625,300370
1626,300371
1627,300373
1628,300374
1629,300375
1630,300377
1631,300378
1632,300379
1633,300380
1634,300381
1635,300382
1636,300383
1637,300384
1638,300385
1639,300386
1640,300387
1641,300388
1642,300389
1643,300390
1644,300391
1645,300393
1646,300394
1647,300395
1648,300396
1649,300397
1650,300398
1651,300399
1652,300400
1653,300401
1654,300402
1655,300403
1656,300404
1657,300405
1658,300406
1659,300407
1660,300408
1661,300409
1662,300410
1663,300411
1664,300412
1665,300413
1666,300414
1667,300415
1668,300416
1669,300417
1670,300418
1671,300420
1672,300421
1673,300423
1674,300424
1675,300425
1676,300426
1677,300427
1678,300428
1679,300429
1680,300430
1681,300432
1682,300433
1683,300434
1684,300435
1685,300436
1686,300437
1687,300438
1688,300439
1689,300440
1690,300441
1691,300442
1692,300443
1693,300444
1694,300445
1695,300446
1696,300447
1697,300448
1698,300449
1699,300450
1700,300451
1701,300452
1702,300453
1703,300454
1704,300455
1705,300456
1706,300457
1707,300459
1708,300460
1709,300461
1710,300462
1711,300463
1712,300464
1713,300465
1714,300466
1715,300467
1716,300468
1717,300469
1718,300470
1719,300471
1720,300472
1721,300473
1722,300474
1723,300475
1724,300477
1725,300478
1726,300479
1727,300480
1728,300481
1729,300482
1730,300483
1731,300484
1732,300485
1733,300486
1734,300487
1735,300488
1736,300489
1737,300490
1738,300491
1739,300492
1740,300493
1741,300494
1742,300496
1743,300497
1744,300498
1745,300499
1746,300500
1747,300501
1748,300503
1749,300504
1750,300505
1751,300507
1752,300508
1753,300509
1754,300510
1755,300511
1756,300512
1757,300513
1758,300514
1759,300515
1760,300516
1761,300517
1762,300518
1763,300519
1764,300520
1765,300521
1766,300522
1767,300523
1768,300525
1769,300527
1770,300528
1771,300529
1772,300530
1773,300531
1774,300532
1775,300533
1776,300534
1777,300535
1778,300537
1779,300538
1780,300539
1781,300540
1782,300541
1783,300542
1784,300543
1785,300545
1786,300546
1787,300547
1788,300549
1789,300550
1790,300551
1791,300552
1792,300553
1793,300554
1794,300556
1795,300557
1796,300558
1797,300559
1798,300560
1799,300562
1800,300564
1801,300565
1802,300566
1803,300567
1804,300568
1805,300569
1806,300570
1807,300571
1808,300572
1809,300573
1810,300575
1811,300576
1812,300577
1813,300578
1814,300579
1815,300580
1816,300581
1817,300582
1818,300583
1819,300584
1820,300585
1821,300586
1822,300587
1823,300588
1824,300589
1825,300590
1826,300591
1827,300592
1828,300593
1829,300594
1830,300595
1831,300596
1832,300597
1833,300598
1834,300599
1835,300601
1836,300602
1837,300603
1838,300604
1839,300605
1840,300606
1841,300607
1842,300608
1843,300609
1844,300610
1845,300611
1846,300612
1847,300613
1848,300614
1849,300615
1850,300616
1851,300617
1852,300618
1853,300619
1854,300620
1855,300621
1856,300622
1857,300623
1858,300624
1859,300625
1860,300626
1861,300627
1862,300628
1863,300629
1864,300631
1865,300632
1866,300633
1867,300634
1868,300635
1869,300636
1870,300637
1871,300639
1872,300640
1873,300641
1874,300642
1875,300643
1876,300644
1877,300645
1878,300647
1879,300648
1880,300649
1881,300650
1882,300651
1883,300652
1884,300653
1885,300654
1886,300655
1887,300656
1888,300657
1889,300658
1890,300659
1891,300660
1892,300661
1893,300662
1894,300663
1895,300664
1896,300665
1897,300666
1898,300667
1899,300668
1900,300669
1901,300670
1902,300671
1903,300672
1904,300673
1905,300674
1906,300675
1907,300676
1908,300677
1909,300678
1910,300679
1911,300681
1912,300682
1913,300683
1914,300684
1915,300685
1916,300686
1917,300687
1918,300688
1919,300689
1920,300690
1921,300691
1922,300692
1923,300693
1924,300694
1925,300695
1926,300696
1927,300698
1928,300699
1929,300700
1930,300701
1931,300702
1932,300703
1933,300705
1934,300706
1935,300707
1936,300708
1937,300709
1938,300710
1939,300711
1940,300712
1941,300713
1942,300715
1943,300716
1944,300717
1945,300719
1946,300720
1947,300721
1948,300722
1949,300723
1950,300724
1951,300725
1952,300726
1953,300727
1954,300729
1955,300730
1956,300731
1957,300732
1958,300733
1959,300735
1960,300736
1961,300737
1962,300738
1963,300739
1964,300740
1965,300741
1966,300743
1967,300745
1968,300746
1969,300747
1970,300748
1971,300749
1972,300750
1973,300751
1974,300752
1975,300753
1976,300755
1977,300756
1978,300757
1979,300758
1980,300759
1981,300760
1982,300761
1983,300762
1984,300763
1985,300765
1986,300766
1987,300767
1988,300768
1989,300769
1990,300770
1991,300771
1992,300772
1993,300773
1994,300774
1995,300775
1996,300776
1997,300777
1998,300778
1999,300779
2000,300780
2001,300781
2002,300782
2003,300783
2004,300784
2005,300785
2006,300786
2007,300787
2008,300788
2009,300789
2010,300790
2011,300791
2012,300792
2013,300793
2014,300795
2015,300796
2016,300797
2017,300798
2018,300800
2019,300801
2020,300802
2021,300803
2022,300804
2023,300805
2024,300806
2025,300807
2026,300808
2027,300810
2028,300811
2029,300812
2030,300813
2031,300814
2032,300815
2033,300816
2034,300817
2035,300818
2036,300819
2037,300820
2038,300821
2039,300822
2040,300823
2041,300824
2042,300825
2043,300826
2044,300827
2045,300828
2046,300829
2047,300830
2048,300831
2049,300832
2050,300833
2051,300834
2052,300835
2053,300836
2054,300837
2055,300838
2056,300839
2057,300840
2058,300841
2059,300842
2060,300844
2061,300845
2062,300846
2063,300847
2064,300848
2065,300849
2066,300850
2067,300851
2068,300852
2069,300853
2070,300854
2071,300855
2072,300856
2073,300857
2074,300858
2075,300859
2076,300860
2077,300861
2078,300862
2079,300863
2080,300864
2081,300865
2082,300866
2083,300867
2084,300868
2085,300869
2086,300871
2087,300872
2088,300873
2089,300875
2090,300876
2091,300877
2092,300878
2093,300879
2094,300880
2095,300881
2096,300882
2097,300883
2098,300884
2099,300885
2100,300886
2101,300887
2102,300888
2103,300889
2104,300890
2105,300891
2106,300892
2107,300893
2108,300894
2109,300895
2110,300896
2111,300897
2112,300898
2113,300899
2114,300900
2115,300901
2116,300902
2117,300903
2118,300904
2119,300905
2120,300906
2121,300907
2122,300908
2123,300909
2124,300910
2125,300911
2126,300912
2127,300915
2128,300916
2129,300917
2130,300918
2131,300919
2132,300920
2133,300921
2134,300922
2135,300923
2136,300925
2137,300926
2138,300927
2139,300928
2140,300929
2141,300930
2142,300931
2143,300932
2144,300933
2145,300935
2146,300936
2147,300937
2148,300938
2149,300939
2150,300940
2151,300941
2152,300942
2153,300943
2154,300945
2155,300946
2156,300947
2157,300948
2158,300949
2159,300950
2160,300951
2161,300952
2162,300953
2163,300955
2164,300956
2165,300957
2166,300958
2167,300959
2168,300960
2169,300961
2170,300962
2171,300963
2172,300964
2173,300966
2174,300967
2175,300968
2176,300969
2177,300970
2178,300971
2179,300972
2180,300973
2181,300975
2182,300976
2183,300977
2184,300978
2185,300979
2186,300981
2187,300982
2188,300983
2189,300985
2190,300986
2191,300987
2192,300988
2193,300989
2194,300990
2195,300991
2196,300992
2197,300993
2198,300994
2199,300995
2200,300997
2201,300998
2202,300999
2203,301001
2204,301002
2205,301003
2206,301004
2207,301005
2208,301006
2209,301007
2210,301008
2211,301009
2212,301010
2213,301011
2214,301012
2215,301013
2216,301015
2217,301016
2218,301017
2219,301019
2220,301020
2221,301021
2222,301022
2223,301023
2224,301024
2225,301025
2226,301026
2227,301027
2228,301028
2229,301029
2230,301030
2231,301031
2232,301032
2233,301033
2234,301035
2235,301036
2236,301037
2237,301038
2238,301039
2239,301040
2240,301041
2241,301042
2242,301043
2243,301045
2244,301046
2245,301047
2246,301048
2247,301049
2248,301050
2249,301051
2250,301052
2251,301053
2252,301055
2253,301056
2254,301057
2255,301058
2256,301059
2257,301060
2258,301061
2259,301062
2260,301063
2261,301065
2262,301066
2263,301068
2264,301069
2265,301070
2266,301071
2267,301072
2268,301073
2269,301075
2270,301076
2271,301077
2272,301078
2273,301079
2274,301080
2275,301081
2276,301082
2277,301083
2278,301085
2279,301086
2280,301087
2281,301088
2282,301089
2283,301090
2284,301091
2285,301092
2286,301093
2287,301095
2288,301096
2289,301097
2290,301098
2291,301099
2292,301100
2293,301101
2294,301102
2295,301103
2296,301105
2297,301106
2298,301107
2299,301108
2300,301109
2301,301110
2302,301111
2303,301112
2304,301113
2305,301115
2306,301116
2307,301117
2308,301118
2309,301119
2310,301120
2311,301121
2312,301122
2313,301123
2314,301125
2315,301126
2316,301127
2317,301128
2318,301129
2319,301130
2320,301131
2321,301132
2322,301133
2323,301135
2324,301136
2325,301137
2326,301138
2327,301139
2328,301141
2329,301148
2330,301149
2331,301150
2332,301151
2333,301152
2334,301153
2335,301155
2336,301156
2337,301157
2338,301158
2339,301159
2340,301160
2341,301161
2342,301162
2343,301163
2344,301165
2345,301166
2346,301167
2347,301168
2348,301169
2349,301170
2350,301171
2351,301172
2352,301175
2353,301176
2354,301177
2355,301178
2356,301179
2357,301180
2358,301181
2359,301182
2360,301183
2361,301185
2362,301186
2363,301187
2364,301188
2365,301189
2366,301190
2367,301191
2368,301193
2369,301195
2370,301196
2371,301197
2372,301198
2373,301200
2374,301201
2375,301203
2376,301205
2377,301206
2378,301207
2379,301208
2380,301209
2381,301210
2382,301211
2383,301212
2384,301213
2385,301215
2386,301216
2387,301217
2388,301218
2389,301219
2390,301220
2391,301221
2392,301222
2393,301223
2394,301225
2395,301226
2396,301227
2397,301228
2398,301229
2399,301230
2400,301231
2401,301232
2402,301233
2403,301234
2404,301235
2405,301236
2406,301237
2407,301238
2408,301239
2409,301246
2410,301248
2411,301251
2412,301252
2413,301255
2414,301256
2415,301257
2416,301258
2417,301259
2418,301260
2419,301261
2420,301262
2421,301263
2422,301265
2423,301266
2424,301267
2425,301268
2426,301269
2427,301270
2428,301272
2429,301273
2430,301276
2431,301277
2432,301278
2433,301279
2434,301280
2435,301281
2436,301282
2437,301283
2438,301285
2439,301286
2440,301287
2441,301288
2442,301289
2443,301290
2444,301291
2445,301292
2446,301293
2447,301295
2448,301296
2449,301297
2450,301298
2451,301299
2452,301300
2453,301301
2454,301302
2455,301303
2456,301305
2457,301306
2458,301307
2459,301308
2460,301309
2461,301310
2462,301311
2463,301312
2464,301313
2465,301314
2466,301315
2467,301316
2468,301317
2469,301318
2470,301319
2471,301320
2472,301321
2473,301322
2474,301323
2475,301325
2476,301326
2477,301327
2478,301328
2479,301329
2480,301330
2481,301331
2482,301332
2483,301333
2484,301335
2485,301336
2486,301337
2487,301338
2488,301339
2489,301345
2490,301348
2491,301349
2492,301353
2493,301355
2494,301356
2495,301357
2496,301358
2497,301359
2498,301360
2499,301361
2500,301362
2501,301363
2502,301365
2503,301366
2504,301367
2505,301368
2506,301369
2507,301370
2508,301371
2509,301372
2510,301373
2511,301376
2512,301377
2513,301378
2514,301379
2515,301380
2516,301381
2517,301382
2518,301383
2519,301386
2520,301387
2521,301388
2522,301389
2523,301390
2524,301391
2525,301392
2526,301393
2527,301395
2528,301396
2529,301397
2530,301398
2531,301399
2532,301408
2533,301413
2534,301418
2535,301419
2536,301421
2537,301428
2538,301429
2539,301446
2540,301448
2541,301456
2542,301459
2543,301468
2544,301469
2545,301486
2546,301487
2547,301488
2548,301489
2549,301498
2550,301499
2551,301500
2552,301502
2553,301505
2554,301507
2555,301508
2556,301509
2557,301510
2558,301511
2559,301512
2560,301515
2561,301516
2562,301517
2563,301518
2564,301519
2565,301520
2566,301522
2567,301525
2568,301526
2569,301528
2570,301529
2571,301533
2572,301536
2573,301538
2574,301539
2575,301548
2576,301551
2577,301552
2578,301555
2579,301556
2580,301558
2581,301559
2582,301565
2583,301566
2584,301567
2585,301568
2586,301571
2587,301577
2588,301578
2589,301580
2590,301581
2591,301585
2592,301586
2593,301587
2594,301588
2595,301589
2596,301592
2597,301596
2598,301598
2599,301600
2600,301601
2601,301603
2602,301606
2603,301607
2604,301608
2605,301611
2606,301613
2607,301617
2608,301618
2609,301622
2610,301626
2611,301631
2612,301633
2613,600000
2614,600004
2615,600006
2616,600007
2617,600008
2618,600009
2619,600010
2620,600011
2621,600012
2622,600015
2623,600016
2624,600017
2625,600018
2626,600019
2627,600020
2628,600021
2629,600022
2630,600023
2631,600025
2632,600026
2633,600027
2634,600028
2635,600029
2636,600030
2637,600031
2638,600032
2639,600033
2640,600035
2641,600036
2642,600037
2643,600038
2644,600039
2645,600048
2646,600050
2647,600051
2648,600052
2649,600053
2650,600054
2651,600055
2652,600056
2653,600057
2654,600058
2655,600059
2656,600060
2657,600061
2658,600062
2659,600063
2660,600064
2661,600066
2662,600067
2663,600071
2664,600072
2665,600073
2666,600075
2667,600076
2668,600078
2669,600079
2670,600080
2671,600081
2672,600082
2673,600084
2674,600085
2675,600088
2676,600089
2677,600094
2678,600095
2679,600096
2680,600097
2681,600098
2682,600099
2683,600100
2684,600101
2685,600103
2686,600104
2687,600105
2688,600106
2689,600107
2690,600108
2691,600109
2692,600110
2693,600111
2694,600113
2695,600114
2696,600115
2697,600116
2698,600117
2699,600118
2700,600119
2701,600120
2702,600121
2703,600123
2704,600125
2705,600126
2706,600127
2707,600128
2708,600129
2709,600130
2710,600131
2711,600132
2712,600133
2713,600135
2714,600137
2715,600138
2716,600141
2717,600143
2718,600148
2719,600149
2720,600150
2721,600151
2722,600152
2723,600153
2724,600155
2725,600156
2726,600157
2727,600158
2728,600159
2729,600160
2730,600161
2731,600162
2732,600163
2733,600166
2734,600167
2735,600168
2736,600169
2737,600170
2738,600171
2739,600172
2740,600173
2741,600176
2742,600177
2743,600178
2744,600179
2745,600180
2746,600182
2747,600183
2748,600184
2749,600185
2750,600186
2751,600187
2752,600188
2753,600189
2754,600191
2755,600192
2756,600193
2757,600195
2758,600196
2759,600197
2760,600198
2761,600199
2762,600200
2763,600201
2764,600202
2765,600203
2766,600206
2767,600207
2768,600208
2769,600210
2770,600211
2771,600212
2772,600215
2773,600216
2774,600217
2775,600218
2776,600219
2777,600221
2778,600222
2779,600223
2780,600226
2781,600227
2782,600228
2783,600229
2784,600230
2785,600231
2786,600232
2787,600233
2788,600235
2789,600236
2790,600237
2791,600238
2792,600239
2793,600241
2794,600243
2795,600246
2796,600248
2797,600249
2798,600250
2799,600251
2800,600252
2801,600256
2802,600257
2803,600258
2804,600259
2805,600261
2806,600262
2807,600265
2808,600266
2809,600267
2810,600268
2811,600269
2812,600271
2813,600272
2814,600273
2815,600276
2816,600278
2817,600279
2818,600280
2819,600281
2820,600282
2821,600283
2822,600284
2823,600285
2824,600288
2825,600292
2826,600293
2827,600295
2828,600298
2829,600299
2830,600300
2831,600301
2832,600302
2833,600305
2834,600307
2835,600308
2836,600309
2837,600310
2838,600312
2839,600313
2840,600315
2841,600316
2842,600318
2843,600319
2844,600320
2845,600322
2846,600323
2847,600325
2848,600326
2849,600327
2850,600328
2851,600329
2852,600330
2853,600331
2854,600332
2855,600333
2856,600335
2857,600336
2858,600337
2859,600338
2860,600339
2861,600340
2862,600343
2863,600345
2864,600346
2865,600348
2866,600350
2867,600351
2868,600352
2869,600353
2870,600354
2871,600355
2872,600356
2873,600358
2874,600359
2875,600361
2876,600362
2877,600363
2878,600366
2879,600367
2880,600368
2881,600369
2882,600370
2883,600371
2884,600372
2885,600373
2886,600376
2887,600377
2888,600378
2889,600379
2890,600380
2891,600382
2892,600383
2893,600386
2894,600388
2895,600389
2896,600390
2897,600391
2898,600392
2899,600395
2900,600396
2901,600397
2902,600398
2903,600399
2904,600400
2905,600403
2906,600405
2907,600406
2908,600408
2909,600409
2910,600410
2911,600415
2912,600416
2913,600418
2914,600419
2915,600420
2916,600421
2917,600422
2918,600423
2919,600425
2920,600426
2921,600428
2922,600429
2923,600433
2924,600435
2925,600436
2926,600438
2927,600439
2928,600444
2929,600448
2930,600449
2931,600452
2932,600455
2933,600456
2934,600458
2935,600459
2936,600460
2937,600461
2938,600463
2939,600467
2940,600468
2941,600469
2942,600470
2943,600475
2944,600476
2945,600477
2946,600478
2947,600479
2948,600480
2949,600481
2950,600482
2951,600483
2952,600486
2953,600487
2954,600488
2955,600489
2956,600490
2957,600491
2958,600493
2959,600495
2960,600496
2961,600497
2962,600498
2963,600499
2964,600500
2965,600501
2966,600502
2967,600503
2968,600505
2969,600506
2970,600507
2971,600508
2972,600509
2973,600510
2974,600511
2975,600512
2976,600513
2977,600515
2978,600516
2979,600517
2980,600518
2981,600519
2982,600520
2983,600521
2984,600522
2985,600523
2986,600525
2987,600526
2988,600527
2989,600528
2990,600529
2991,600530
2992,600531
2993,600533
2994,600535
2995,600536
2996,600537
2997,600538
2998,600539
2999,600540
3000,600543
3001,600545
3002,600546
3003,600547
3004,600548
3005,600549
3006,600550
3007,600551
3008,600552
3009,600556
3010,600557
3011,600558
3012,600559
3013,600560
3014,600561
3015,600562
3016,600563
3017,600566
3018,600567
3019,600569
3020,600570
3021,600571
3022,600572
3023,600573
3024,600575
3025,600576
3026,600577
3027,600578
3028,600580
3029,600581
3030,600582
3031,600583
3032,600584
3033,600585
3034,600586
3035,600587
3036,600588
3037,600589
3038,600590
3039,600592
3040,600593
3041,600594
3042,600595
3043,600596
3044,600597
3045,600598
3046,600600
3047,600601
3048,600602
3049,600604
3050,600605
3051,600606
3052,600609
3053,600610
3054,600611
3055,600612
3056,600613
3057,600615
3058,600616
3059,600617
3060,600618
3061,600619
3062,600620
3063,600621
3064,600622
3065,600623
3066,600624
3067,600626
3068,600628
3069,600629
3070,600630
3071,600633
3072,600635
3073,600636
3074,600637
3075,600638
3076,600639
3077,600640
3078,600641
3079,600642
3080,600643
3081,600644
3082,600645
3083,600648
3084,600649
3085,600650
3086,600651
3087,600653
3088,600654
3089,600655
3090,600657
3091,600658
3092,600660
3093,600661
3094,600662
3095,600663
3096,600664
3097,600665
3098,600666
3099,600667
3100,600668
3101,600673
3102,600674
3103,600675
3104,600676
3105,600678
3106,600679
3107,600681
3108,600682
3109,600683
3110,600684
3111,600685
3112,600686
3113,600688
3114,600689
3115,600690
3116,600691
3117,600692
3118,600693
3119,600694
3120,600696
3121,600697
3122,600698
3123,600699
3124,600702
3125,600703
3126,600704
3127,600705
3128,600706
3129,600707
3130,600708
3131,600710
3132,600712
3133,600713
3134,600714
3135,600716
3136,600717
3137,600718
3138,600719
3139,600720
3140,600721
3141,600722
3142,600724
3143,600725
3144,600726
3145,600727
3146,600728
3147,600729
3148,600730
3149,600731
3150,600732
3151,600733
3152,600734
3153,600735
3154,600736
3155,600737
3156,600738
3157,600739
3158,600740
3159,600741
3160,600742
3161,600743
3162,600744
3163,600745
3164,600746
3165,600748
3166,600749
3167,600750
3168,600751
3169,600753
3170,600754
3171,600755
3172,600756
3173,600757
3174,600758
3175,600759
3176,600760
3177,600761
3178,600763
3179,600764
3180,600765
3181,600768
3182,600769
3183,600770
3184,600771
3185,600773
3186,600774
3187,600775
3188,600776
3189,600778
3190,600779
3191,600780
3192,600782
3193,600783
3194,600784
3195,600785
3196,600787
3197,600789
3198,600790
3199,600791
3200,600792
3201,600793
3202,600794
3203,600795
3204,600796
3205,600797
3206,600798
3207,600800
3208,600801
3209,600802
3210,600803
3211,600805
3212,600807
3213,600808
3214,600809
3215,600810
3216,600811
3217,600812
3218,600814
3219,600815
3220,600816
3221,600817
3222,600818
3223,600819
3224,600820
3225,600821
3226,600822
3227,600824
3228,600825
3229,600826
3230,600827
3231,600828
3232,600829
3233,600830
3234,600833
3235,600834
3236,600835
3237,600837
3238,600838
3239,600839
3240,600841
3241,600843
3242,600844
3243,600845
3244,600846
3245,600847
3246,600848
3247,600850
3248,600851
3249,600853
3250,600854
3251,600855
3252,600857
3253,600858
3254,600859
3255,600860
3256,600861
3257,600862
3258,600863
3259,600864
3260,600866
3261,600867
3262,600868
3263,600869
3264,600871
3265,600872
3266,600873
3267,600874
3268,600875
3269,600876
3270,600877
3271,600879
3272,600880
3273,600881
3274,600882
3275,600883
3276,600884
3277,600885
3278,600886
3279,600887
3280,600888
3281,600889
3282,600892
3283,600893
3284,600894
3285,600895
3286,600897
3287,600900
3288,600901
3289,600903
3290,600905
3291,600906
3292,600908
3293,600909
3294,600916
3295,600917
3296,600918
3297,600919
3298,600925
3299,600926
3300,600927
3301,600928
3302,600929
3303,600933
3304,600935
3305,600938
3306,600939
3307,600941
3308,600955
3309,600956
3310,600958
3311,600959
3312,600960
3313,600961
3314,600962
3315,600963
3316,600965
3317,600966
3318,600967
3319,600968
3320,600969
3321,600970
3322,600971
3323,600973
3324,600975
3325,600976
3326,600977
3327,600979
3328,600980
3329,600981
3330,600982
3331,600983
3332,600984
3333,600985
3334,600986
3335,600987
3336,600988
3337,600989
3338,600990
3339,600992
3340,600993
3341,600995
3342,600996
3343,600997
3344,600998
3345,600999
3346,601000
3347,601001
3348,601002
3349,601003
3350,601005
3351,601006
3352,601007
3353,601008
3354,601009
3355,601010
3356,601011
3357,601012
3358,601015
3359,601016
3360,601018
3361,601019
3362,601020
3363,601021
3364,601022
3365,601028
3366,601033
3367,601038
3368,601058
3369,601059
3370,601061
3371,601065
3372,601066
3373,601068
3374,601069
3375,601077
3376,601083
3377,601086
3378,601088
3379,601089
3380,601096
3381,601098
3382,601099
3383,601100
3384,601101
3385,601106
3386,601107
3387,601108
3388,601111
3389,601113
3390,601116
3391,601117
3392,601118
3393,601121
3394,601126
3395,601127
3396,601128
3397,601133
3398,601136
3399,601137
3400,601139
3401,601155
3402,601156
3403,601158
3404,601162
3405,601163
3406,601166
3407,601168
3408,601169
3409,601177
3410,601179
3411,601186
3412,601187
3413,601188
3414,601198
3415,601199
3416,601200
3417,601208
3418,601211
3419,601212
3420,601216
3421,601218
3422,601222
3423,601225
3424,601226
3425,601228
3426,601229
3427,601231
3428,601233
3429,601236
3430,601238
3431,601279
3432,601288
3433,601298
3434,601311
3435,601318
3436,601319
3437,601326
3438,601328
3439,601330
3440,601333
3441,601336
3442,601339
3443,601360
3444,601366
3445,601368
3446,601369
3447,601375
3448,601377
3449,601388
3450,601390
3451,601398
3452,601399
3453,601456
3454,601500
3455,601512
3456,601515
3457,601518
3458,601519
3459,601528
3460,601555
3461,601566
3462,601567
3463,601568
3464,601577
3465,601579
3466,601588
3467,601595
3468,601598
3469,601599
3470,601600
3471,601601
3472,601606
3473,601607
3474,601608
3475,601609
3476,601611
3477,601615
3478,601616
3479,601618
3480,601619
3481,601628
3482,601633
3483,601636
3484,601658
3485,601665
3486,601666
3487,601668
3488,601669
3489,601677
3490,601678
3491,601686
3492,601688
3493,601696
3494,601698
3495,601699
3496,601700
3497,601702
3498,601717
3499,601718
3500,601727
3501,601728
3502,601766
3503,601777
3504,601778
3505,601788
3506,601789
3507,601798
3508,601799
3509,601800
3510,601801
3511,601808
3512,601811
3513,601816
3514,601818
3515,601825
3516,601827
3517,601828
3518,601838
3519,601857
3520,601858
3521,601860
3522,601865
3523,601866
3524,601868
3525,601869
3526,601872
3527,601877
3528,601878
3529,601880
3530,601881
3531,601882
3532,601886
3533,601888
3534,601890
3535,601898
3536,601899
3537,601900
3538,601901
3539,601908
3540,601916
3541,601918
3542,601919
3543,601921
3544,601928
3545,601929
3546,601933
3547,601939
3548,601949
3549,601952
3550,601956
3551,601958
3552,601963
3553,601965
3554,601966
3555,601968
3556,601969
3557,601975
3558,601985
3559,601988
3560,601989
3561,601990
3562,601991
3563,601992
3564,601995
3565,601996
3566,601997
3567,601998
3568,601999
3569,603000
3570,603001
3571,603002
3572,603004
3573,603005
3574,603006
3575,603008
3576,603009
3577,603010
3578,603011
3579,603012
3580,603013
3581,603015
3582,603016
3583,603017
3584,603018
3585,603019
3586,603020
3587,603021
3588,603022
3589,603025
3590,603026
3591,603027
3592,603028
3593,603029
3594,603030
3595,603031
3596,603032
3597,603033
3598,603035
3599,603036
3600,603037
3601,603038
3602,603039
3603,603040
3604,603041
3605,603043
3606,603048
3607,603050
3608,603051
3609,603052
3610,603053
3611,603055
3612,603056
3613,603057
3614,603058
3615,603059
3616,603060
3617,603061
3618,603062
3619,603065
3620,603066
3621,603067
3622,603068
3623,603069
3624,603070
3625,603071
3626,603072
3627,603073
3628,603075
3629,603076
3630,603077
3631,603078
3632,603079
3633,603080
3634,603081
3635,603082
3636,603083
3637,603085
3638,603086
3639,603087
3640,603088
3641,603089
3642,603090
3643,603091
3644,603093
3645,603095
3646,603096
3647,603097
3648,603098
3649,603099
3650,603100
3651,603101
3652,603102
3653,603103
3654,603105
3655,603106
3656,603107
3657,603108
3658,603109
3659,603110
3660,603111
3661,603112
3662,603113
3663,603115
3664,603116
3665,603117
3666,603118
3667,603119
3668,603121
3669,603122
3670,603123
3671,603125
3672,603126
3673,603127
3674,603128
3675,603129
3676,603130
3677,603131
3678,603132
3679,603135
3680,603136
3681,603137
3682,603138
3683,603139
3684,603150
3685,603151
3686,603153
3687,603156
3688,603158
3689,603159
3690,603160
3691,603161
3692,603162
3693,603163
3694,603165
3695,603166
3696,603167
3697,603168
3698,603169
3699,603170
3700,603171
3701,603172
3702,603173
3703,603176
3704,603177
3705,603178
3706,603179
3707,603180
3708,603181
3709,603182
3710,603183
3711,603185
3712,603186
3713,603187
3714,603188
3715,603189
3716,603190
3717,603192
3718,603193
3719,603194
3720,603195
3721,603196
3722,603197
3723,603198
3724,603199
3725,603200
3726,603201
3727,603203
3728,603205
3729,603206
3730,603207
3731,603208
3732,603209
3733,603212
3734,603213
3735,603214
3736,603215
3737,603216
3738,603217
3739,603218
3740,603219
3741,603220
3742,603221
3743,603222
3744,603223
3745,603225
3746,603226
3747,603227
3748,603229
3749,603230
3750,603231
3751,603232
3752,603233
3753,603235
3754,603236
3755,603237
3756,603238
3757,603239
3758,603255
3759,603256
3760,603258
3761,603259
3762,603260
3763,603261
3764,603266
3765,603267
3766,603268
3767,603269
3768,603270
3769,603272
3770,603273
3771,603275
3772,603276
3773,603277
3774,603278
3775,603279
3776,603280
3777,603281
3778,603282
3779,603283
3780,603285
3781,603286
3782,603288
3783,603289
3784,603290
3785,603291
3786,603296
3787,603297
3788,603298
3789,603299
3790,603300
3791,603301
3792,603303
3793,603305
3794,603306
3795,603307
3796,603309
3797,603310
3798,603311
3799,603312
3800,603313
3801,603315
3802,603316
3803,603317
3804,603318
3805,603319
3806,603320
3807,603321
3808,603322
3809,603323
3810,603324
3811,603325
3812,603326
3813,603327
3814,603328
3815,603329
3816,603330
3817,603331
3818,603332
3819,603333
3820,603335
3821,603336
3822,603337
3823,603338
3824,603339
3825,603341
3826,603344
3827,603345
3828,603348
3829,603350
3830,603351
3831,603353
3832,603355
3833,603356
3834,603357
3835,603358
3836,603359
3837,603360
3838,603365
3839,603366
3840,603367
3841,603368
3842,603369
3843,603373
3844,603375
3845,603378
3846,603379
3847,603380
3848,603381
3849,603383
3850,603385
3851,603386
3852,603387
3853,603389
3854,603390
3855,603391
3856,603392
3857,603393
3858,603395
3859,603396
3860,603398
3861,603399
3862,603408
3863,603416
3864,603421
3865,603429
3866,603439
3867,603444
3868,603456
3869,603458
3870,603466
3871,603477
3872,603486
3873,603488
3874,603489
3875,603496
3876,603499
3877,603500
3878,603501
3879,603505
3880,603506
3881,603507
3882,603508
3883,603511
3884,603515
3885,603516
3886,603517
3887,603518
3888,603519
3889,603520
3890,603527
3891,603528
3892,603529
3893,603530
3894,603533
3895,603535
3896,603536
3897,603538
3898,603551
3899,603556
3900,603558
3901,603565
3902,603566
3903,603567
3904,603568
3905,603569
3906,603577
3907,603578
3908,603579
3909,603580
3910,603583
3911,603585
3912,603586
3913,603587
3914,603588
3915,603589
3916,603590
3917,603595
3918,603596
3919,603598
3920,603599
3921,603600
3922,603601
3923,603602
3924,603605
3925,603606
3926,603607
3927,603609
3928,603610
3929,603611
3930,603612
3931,603613
3932,603615
3933,603616
3934,603617
3935,603619
3936,603626
3937,603628
3938,603629
3939,603630
3940,603633
3941,603636
3942,603637
3943,603638
3944,603639
3945,603648
3946,603650
3947,603655
3948,603656
3949,603657
3950,603658
3951,603659
3952,603660
3953,603661
3954,603662
3955,603663
3956,603665
3957,603666
3958,603667
3959,603668
3960,603669
3961,603676
3962,603677
3963,603678
3964,603679
3965,603680
3966,603681
3967,603682
3968,603683
3969,603685
3970,603686
3971,603687
3972,603688
3973,603689
3974,603690
3975,603693
3976,603696
3977,603697
3978,603698
3979,603699
3980,603700
3981,603701
3982,603703
3983,603706
3984,603707
3985,603708
3986,603709
3987,603711
3988,603712
3989,603713
3990,603716
3991,603717
3992,603718
3993,603719
3994,603721
3995,603722
3996,603725
3997,603726
3998,603727
3999,603728
4000,603729
4001,603730
4002,603733
4003,603737
4004,603738
4005,603739
4006,603755
4007,603757
4008,603758
4009,603759
4010,603766
4011,603767
4012,603768
4013,603773
4014,603776
4015,603777
4016,603778
4017,603779
4018,603786
4019,603787
4020,603788
4021,603789
4022,603790
4023,603797
4024,603798
4025,603799
4026,603800
4027,603801
4028,603806
4029,603808
4030,603809
4031,603810
4032,603811
4033,603813
4034,603815
4035,603816
4036,603817
4037,603818
4038,603819
4039,603822
4040,603823
4041,603825
4042,603826
4043,603829
4044,603833
4045,603836
4046,603838
4047,603839
4048,603843
4049,603848
4050,603855
4051,603856
4052,603858
4053,603859
4054,603860
4055,603861
4056,603863
4057,603866
4058,603867
4059,603868
4060,603871
4061,603876
4062,603877
4063,603878
4064,603880
4065,603881
4066,603882
4067,603883
4068,603885
4069,603886
4070,603887
4071,603888
4072,603889
4073,603893
4074,603895
4075,603896
4076,603897
4077,603898
4078,603899
4079,603900
4080,603903
4081,603906
4082,603908
4083,603909
4084,603912
4085,603915
4086,603916
4087,603917
4088,603918
4089,603919
4090,603920
4091,603922
4092,603926
4093,603927
4094,603929
4095,603931
4096,603933
4097,603936
4098,603937
4099,603938
4100,603939
4101,603948
4102,603949
4103,603950
4104,603955
4105,603956
4106,603958
4107,603960
4108,603966
4109,603967
4110,603968
4111,603969
4112,603970
4113,603976
4114,603977
4115,603978
4116,603979
4117,603980
4118,603982
4119,603983
4120,603985
4121,603986
4122,603987
4123,603988
4124,603989
4125,603990
4126,603991
4127,603992
4128,603993
4129,603995
4130,603997
4131,603998
4132,603999
4133,605001
4134,605003
4135,605005
4136,605006
4137,605007
4138,605008
4139,605009
4140,605011
4141,605016
4142,605020
4143,605028
4144,605033
4145,605050
4146,605055
4147,605056
4148,605066
4149,605068
4150,605069
4151,605077
4152,605080
4153,605081
4154,605086
4155,605088
4156,605089
4157,605090
4158,605098
4159,605099
4160,605100
4161,605108
4162,605111
4163,605116
4164,605117
4165,605122
4166,605123
4167,605128
4168,605133
4169,605136
4170,605138
4171,605151
4172,605155
4173,605158
4174,605166
4175,605167
4176,605168
4177,605169
4178,605177
4179,605178
4180,605179
4181,605180
4182,605183
4183,605186
4184,605188
4185,605189
4186,605196
4187,605198
4188,605199
4189,605208
4190,605218
4191,605222
4192,605228
4193,605255
4194,605258
4195,605259
4196,605266
4197,605268
4198,605286
4199,605287
4200,605288
4201,605289
4202,605296
4203,605298
4204,605299
4205,605300
4206,605303
4207,605305
4208,605318
4209,605319
4210,605333
4211,605336
4212,605337
4213,605338
4214,605339
4215,605358
4216,605365
4217,605366
4218,605368
4219,605369
4220,605376
4221,605377
4222,605378
4223,605388
4224,605399
4225,605499
4226,605500
4227,605507
4228,605555
4229,605566
4230,605567
4231,605577
4232,605580
4233,605588
4234,605589
4235,605598
4236,605599
4237,688001
4238,688002
4239,688003
4240,688004
4241,688005
4242,688006
4243,688007
4244,688008
4245,688009
4246,688010
4247,688011
4248,688012
4249,688013
4250,688015
4251,688016
4252,688017
4253,688019
4254,688020
4255,688021
4256,688022
4257,688023
4258,688025
4259,688026
4260,688027
4261,688028
4262,688029
4263,688030
4264,688031
4265,688032
4266,688033
4267,688035
4268,688036
4269,688037
4270,688038
4271,688039
4272,688041
4273,688045
4274,688046
4275,688047
4276,688048
4277,688049
4278,688050
4279,688051
4280,688052
4281,688053
4282,688055
4283,688056
4284,688057
4285,688058
4286,688059
4287,688060
4288,688061
4289,688062
4290,688063
4291,688065
4292,688066
4293,688067
4294,688068
4295,688069
4296,688070
4297,688071
4298,688072
4299,688073
4300,688075
4301,688076
4302,688077
4303,688078
4304,688079
4305,688080
4306,688081
4307,688082
4308,688083
4309,688084
4310,688085
4311,688087
4312,688088
4313,688089
4314,688090
4315,688091
4316,688092
4317,688093
4318,688095
4319,688096
4320,688097
4321,688098
4322,688099
4323,688100
4324,688101
4325,688102
4326,688103
4327,688105
4328,688106
4329,688107
4330,688108
4331,688109
4332,688110
4333,688111
4334,688112
4335,688113
4336,688114
4337,688115
4338,688116
4339,688117
4340,688118
4341,688119
4342,688120
4343,688121
4344,688122
4345,688123
4346,688125
4347,688126
4348,688127
4349,688128
4350,688129
4351,688130
4352,688131
4353,688132
4354,688133
4355,688135
4356,688136
4357,688137
4358,688138
4359,688139
4360,688141
4361,688143
4362,688146
4363,688147
4364,688148
4365,688150
4366,688151
4367,688152
4368,688153
4369,688155
4370,688156
4371,688157
4372,688158
4373,688160
4374,688161
4375,688162
4376,688163
4377,688165
4378,688166
4379,688167
4380,688168
4381,688169
4382,688170
4383,688171
4384,688172
4385,688173
4386,688175
4387,688176
4388,688177
4389,688178
4390,688179
4391,688180
4392,688181
4393,688182
4394,688183
4395,688184
4396,688185
4397,688186
4398,688187
4399,688188
4400,688189
4401,688190
4402,688191
4403,688192
4404,688193
4405,688195
4406,688196
4407,688197
4408,688198
4409,688199
4410,688200
4411,688201
4412,688202
4413,688203
4414,688206
4415,688207
4416,688208
4417,688209
4418,688210
4419,688211
4420,688212
4421,688213
4422,688215
4423,688216
4424,688217
4425,688218
4426,688219
4427,688221
4428,688222
4429,688223
4430,688225
4431,688226
4432,688227
4433,688228
4434,688229
4435,688230
4436,688231
4437,688232
4438,688233
4439,688234
4440,688235
4441,688236
4442,688237
4443,688238
4444,688239
4445,688244
4446,688247
4447,688248
4448,688249
4449,688251
4450,688252
4451,688253
4452,688256
4453,688257
4454,688258
4455,688259
4456,688260
4457,688261
4458,688262
4459,688265
4460,688266
4461,688267
4462,688268
4463,688269
4464,688270
4465,688271
4466,688272
4467,688273
4468,688275
4469,688276
4470,688277
4471,688278
4472,688279
4473,688280
4474,688281
4475,688283
4476,688285
4477,688286
4478,688288
4479,688289
4480,688290
4481,688291
4482,688292
4483,688293
4484,688295
4485,688296
4486,688297
4487,688298
4488,688299
4489,688300
4490,688301
4491,688302
4492,688303
4493,688305
4494,688306
4495,688307
4496,688308
4497,688309
4498,688310
4499,688311
4500,688312
4501,688313
4502,688314
4503,688315
4504,688316
4505,688317
4506,688318
4507,688319
4508,688320
4509,688321
4510,688322
4511,688323
4512,688325
4513,688326
4514,688327
4515,688328
4516,688329
4517,688330
4518,688331
4519,688332
4520,688333
4521,688334
4522,688335
4523,688336
4524,688337
4525,688338
4526,688339
4527,688343
4528,688345
4529,688347
4530,688348
4531,688349
4532,688350
4533,688351
4534,688352
4535,688353
4536,688355
4537,688356
4538,688357
4539,688358
4540,688359
4541,688360
4542,688361
4543,688362
4544,688363
4545,688365
4546,688366
4547,688367
4548,688368
4549,688369
4550,688370
4551,688371
4552,688373
4553,688375
4554,688376
4555,688377
4556,688378
4557,688379
4558,688380
4559,688381
4560,688382
4561,688383
4562,688385
4563,688386
4564,688387
4565,688388
4566,688389
4567,688390
4568,688391
4569,688392
4570,688393
4571,688395
4572,688396
4573,688398
4574,688399
4575,688400
4576,688401
4577,688403
4578,688408
4579,688409
4580,688410
4581,688416
4582,688418
4583,688419
4584,688420
4585,688425
4586,688426
4587,688428
4588,688429
4589,688432
4590,688433
4591,688435
4592,688439
4593,688443
4594,688448
4595,688449
4596,688450
4597,688455
4598,688456
4599,688458
4600,688459
4601,688466
4602,688468
4603,688469
4604,688472
4605,688478
4606,688479
4607,688480
4608,688484
4609,688486
4610,688488
4611,688489
4612,688496
4613,688498
4614,688499
4615,688500
4616,688501
4617,688502
4618,688503
4619,688505
4620,688506
4621,688507
4622,688508
4623,688509
4624,688510
4625,688511
4626,688512
4627,688513
4628,688515
4629,688516
4630,688517
4631,688518
4632,688519
4633,688520
4634,688521
4635,688522
4636,688523
4637,688525
4638,688526
4639,688528
4640,688529
4641,688530
4642,688531
4643,688533
4644,688535
4645,688536
4646,688538
4647,688539
4648,688543
4649,688548
4650,688549
4651,688550
4652,688551
4653,688552
4654,688553
4655,688556
4656,688557
4657,688558
4658,688559
4659,688560
4660,688561
4661,688562
4662,688563
4663,688565
4664,688566
4665,688567
4666,688568
4667,688569
4668,688570
4669,688571
4670,688573
4671,688575
4672,688576
4673,688578
4674,688579
4675,688580
4676,688581
4677,688582
4678,688583
4679,688584
4680,688585
4681,688586
4682,688588
4683,688589
4684,688590
4685,688591
4686,688592
4687,688593
4688,688595
4689,688596
4690,688597
4691,688598
4692,688599
4693,688600
4694,688601
4695,688602
4696,688603
4697,688605
4698,688606
4699,688607
4700,688608
4701,688609
4702,688610
4703,688611
4704,688612
4705,688613
4706,688615
4707,688616
4708,688617
4709,688618
4710,688619
4711,688620
4712,688621
4713,688623
4714,688625
4715,688626
4716,688627
4717,688628
4718,688629
4719,688630
4720,688631
4721,688633
4722,688636
4723,688638
4724,688639
4725,688646
4726,688648
4727,688651
4728,688652
4729,688653
4730,688655
4731,688656
4732,688657
4733,688658
4734,688659
4735,688660
4736,688662
4737,688663
4738,688665
4739,688667
4740,688669
4741,688670
4742,688671
4743,688676
4744,688677
4745,688678
4746,688679
4747,688680
4748,688681
4749,688682
4750,688683
4751,688685
4752,688686
4753,688687
4754,688689
4755,688690
4756,688691
4757,688692
4758,688693
4759,688695
4760,688696
4761,688697
4762,688698
4763,688699
4764,688700
4765,688701
4766,688702
4767,688707
4768,688708
4769,688709
4770,688710
4771,688711
4772,688716
4773,688717
4774,688718
4775,688719
4776,688720
4777,688721
4778,688722
4779,688726
4780,688728
4781,688733
4782,688737
4783,688739
4784,688750
4785,688758
4786,688766
4787,688767
4788,688768
4789,688772
4790,688776
4791,688777
4792,688778
4793,688779
4794,688786
4795,688787
4796,688788
4797,688789
4798,688793
4799,688798
4800,688799
4801,688819
4802,688981
4803,689009
4804,920002
4805,920008
4806,920016
4807,920019
4808,920060
4809,920066
4810,920082
4811,920088
4812,920098
4813,920099
4814,920106
4815,920111
4816,920116
4817,920118
4818,920128
